{
  "places" : [
    {
      "location": [-6.217197, 106.791929],
      "title"   : "Resto Spanyol Plan B",
      "image"   :"../images/planB.jpg",
      "review"  : "<p> Restoran dengan menu khas Spanyol dari seluruh wilayah, menyajikan makanan penutup & wine Spanyol.</p>"
    },
    {
      "location": [-6.213493, 106.813486],
      "title"   : "Warung Kopi Ancah",
      "image"   :"../images/warkop.jpg",
      "review"  : "<p>Menyediakan berbagai jenis kopi yang diracik sendiri</p>"
    },
    {
      "location": [-6.383220, 106.791443],
      "title"   : "Gabus Pucung Villa Betawi",
      "image"   :"../images/GP.jpg",
      "review"  : "<p>Merupakan tempat yang menyediakan menu makanan khas betawi. yaitu gabus pucung.</p>"
    }
  ]
}